{
	"info": {
		"_postman_id": "035030c6-9e6e-46e3-a007-9df1af3f3fdb",
		"name": "Tts",
		"schema": "https://schema.getpostman.com/json/collection/v2.1.0/collection.json"
	},
	"item": [
		{
			"name": "token",
			"request": {
				"method": "POST",
				"header": [
					{
						"key": "Content-Type",
						"name": "Content-Type",
						"value": "application/json; charset=utf-8",
						"type": "text"
					}
				],
				"body": {
					"mode": "urlencoded",
					"urlencoded": [
						{
							"key": "client_id",
							"value": "kVcnfD9iW2XVZSMaLMrtLYIz",
							"description": "必须参数，应用的 API Key；",
							"type": "text"
						},
						{
							"key": "client_secret",
							"value": "O9o1O213UgG5LFn0bDGNtoRN3VWl2du6",
							"description": "必须参数，应用的 Secret Key;",
							"type": "text"
						},
						{
							"key": "grant_type",
							"value": "client_credentials",
							"description": "必须参数，固定为“client_credentials”",
							"type": "text"
						}
					]
				},
				"url": {
					"raw": "https://aip.baidubce.com/oauth/2.0/token",
					"protocol": "https",
					"host": [
						"openapi",
						"baidu",
						"com"
					],
					"path": [
						"oauth",
						"2.0",
						"token"
					]
				}
			},
			"response": []
		},
		{
			"name": "tts",
			"request": {
				"method": "POST",
				"header": [
					{
						"key": "Content-Type",
						"name": "Content-Type",
						"value": "application/json; charset=utf-8",
						"type": "text"
					}
				],
				"body": {
					"mode": "urlencoded",
					"urlencoded": [
						{
							"key": "tex",
							"value": "百度你好合成文本",
							"description": "合成的文本，使用UTF-8编码。小于2048个中文字或者英文数字。（文本在百度服务器内转换为GBK后，长度必须小于4096字节）",
							"type": "text"
						},
						{
							"key": "tok",
							"value": "24.a7d12f1614a2b94102375641f145ab95.2592000.1563520275.282335-15803531",
							"description": "开放平台获取到的开发者access_token（见上面的“鉴权认证机制”段落）",
							"type": "text"
						},
						{
							"key": "cuid",
							"value": "12345postman",
							"description": "用户唯一标识，用来计算UV值。建议填写能区分用户的机器 MAC 地址或 IMEI 码，长度为60字符以内\n",
							"type": "text"
						},
						{
							"key": "ctp",
							"value": "1",
							"description": "客户端类型选择，web端填写固定值1\n",
							"type": "text"
						},
						{
							"key": "lan",
							"value": "zh",
							"description": "固定值zh。语言选择,目前只有中英文混合模式，填写固定值zh\n",
							"type": "text"
						},
						{
							"key": "spd",
							"value": "5",
							"description": "语速，取值0-15，默认为5中语速\n",
							"type": "text"
						},
						{
							"key": "pit",
							"value": "5",
							"description": "音调，取值0-15，默认为5中语调\n",
							"type": "text"
						},
						{
							"key": "vol",
							"value": "5",
							"description": "音量，取值0-15，默认为5中音量\n",
							"type": "text"
						},
						{
							"key": "per",
							"value": "0",
							"description": "发音人选择, 0为普通女声，1为普通男生，3为情感合成-度逍遥，4为情感合成-度丫丫，默认为普通女声\n",
							"type": "text"
						},
						{
							"key": "aue",
							"value": "6",
							"description": "3为mp3格式(默认)； 4为pcm-16k；5为pcm-8k；6为wav（内容同pcm-16k）; 注意aue=4或者6是语音识别要求的格式，但是音频内容不是语音识别要求的自然人发音，所以识别效果会受影响。\n",
							"type": "text"
						},
						{
							"key": "",
							"value": "",
							"type": "text"
						}
					]
				},
				"url": {
					"raw": "https://tsn.baidu.com/text2audio",
					"protocol": "https",
					"host": [
						"tsn",
						"baidu",
						"com"
					],
					"path": [
						"text2audio"
					]
				}
			},
			"response": []
		}
	],
	"auth": {
		"type": "oauth2",
		"oauth2": [
			{
				"key": "accessToken",
				"value": "24.42a2a960470b6823d052c15345f95513.2592000.1563515880.282335-15803531",
				"type": "string"
			},
			{
				"key": "tokenType",
				"type": "any"
			},
			{
				"key": "addTokenTo",
				"value": "header",
				"type": "string"
			}
		]
	}
}
